Rank,TeamId,TeamName,LastSubmissionDate,Score,SubmissionCount,TeamMemberUserNames
1,16911004,"Emmanuel Ebiendele","2026-09-23 12:58:42",0.00000,9,emmydesign
2,16881822,Dairus,"2026-09-23 20:27:17",0.00000,2,dairus
3,16859139,"agoro timilehin","2026-09-21 16:59:42",80.80476,26,agorotimilehin
4,16890764,"Endurance Ogashi","2026-09-22 10:44:35",1067.09764,3,enduranceogashi
5,16865985,"David Attah","2026-09-22 11:30:20",1067.13140,15,davidattah
6,16858567,"Sufyan Zakariya sani","2026-09-13 23:44:27",1067.61546,8,sufyanzakariyasani
7,16859750,"Alfred Samson","2026-09-15 11:01:03",1068.05416,37,alfredsamson
8,16860751,"Habib Bashir Lawal","2026-09-16 12:39:12",1068.27479,8,lbashirhabib
9,16862437,"Moses Olaleye","2026-09-23 18:46:28",1068.54220,25,olaleyedamilare
10,16867658,robaireth,"2026-09-23 06:04:03",1068.58437,10,robairethias
11,16856792,"Treasure Abiodun-Onajobi","2026-09-20 08:58:15",1068.79895,10,garritech
12,16888644,"Ahmad Hamza Isah Aihak","2026-09-23 19:26:50",1068.82020,2,aihakviper
13,16872309,"Haleem Akintayo","2026-09-22 23:11:39",1069.05052,9,haleemakintayo
14,16926492,"Simeon Clinton","2026-09-22 11:53:50",1069.22406,3,simeonebube
15,16909258,Human10🌚,"2026-09-23 19:10:09",1069.33847,10,human10
16,16879363,"Oladunjoye Ahmad","2026-09-24 06:33:31",1069.61163,36,oladunjoyeahmad
17,16860308,"Barika-Bodunrin Yusuf","2026-09-19 08:17:22",1069.64043,23,barikabodunrinyusuf
18,16947423,"Balogun Oladimeji","2026-09-23 12:53:55",1069.66105,3,balogunoladimeji
19,16896200,Star'Syntaxx,"2026-09-23 18:22:17",1069.67365,10,aladejebidorcas
20,16896450,TheRoyalPriesthood,"2026-09-24 05:11:46",1069.82806,12,theroyalpriesthood
21,16859756,"Adeoluwa Oke","2026-09-22 10:18:40",1069.91342,14,adeoluwaoke
22,16892473,"Hambolu Tobi","2026-09-19 08:29:21",1069.95798,10,hdavidtobi
23,16940736,"Peter Olatunji","2026-09-22 09:35:06",1070.06093,3,wavefalse
24,16866538,"Raifu Sodiq","2026-09-23 21:28:13",1070.09788,10,raifusodiq
25,16924612,"Mishael Oikelomen","2026-09-21 10:47:38",1070.18044,2,mishaeloikelomen
26,16887183,"Jamiu Azeez","2026-09-21 11:24:31",1070.21109,5,jamiuazeez
27,16859862,"Aliyyah Adebayo","2026-09-21 10:47:54",1070.24505,23,aliyyahadebayo
28,16938082,"Flourish Olaiya","2026-09-23 10:13:59",1070.34521,3,flourisholaiya
29,16893136,"Duadei Nicholas","2026-09-21 08:53:12",1070.35466,43,duadeinicholas
30,16935981,"Ayooluwa Banjo","2026-09-23 09:51:10",1070.49841,2,ayooluwabanjo
31,16859460,"Mujahidah Togunde","2026-09-24 10:32:14",1070.50683,9,mujahidahtogunde
32,16865453,"Joan Orjiakoh","2026-09-22 22:41:47",1070.55407,33,joanorjiakoh
33,16910311,"Chekhlov Dmitrii","2026-09-17 03:37:17",1070.56699,2,zoli800
34,16915461,"Owoyemi Esther D.","2026-09-23 11:13:58",1070.63557,4,owoyemidamien
35,16858176,"Ingyete Jacob","2026-09-19 13:27:16",1070.66772,25,jacobingyete
36,16870907,"Okparaji Stanley Udodiri","2026-09-24 12:10:43",1070.93403,21,okparajistanley
37,16887022,"Chioma Oriaku","2026-09-24 11:23:26",1070.93403,3,chiomaoriaku
38,16888281,"Abdulsam Opeyemi","2026-09-24 01:12:50",1071.08034,31,smalaqueopeyemi
39,16926335,"Favour Addingi","2026-09-20 09:54:51",1071.08359,3,favouraddingi
40,16951666,"Praise Adeyeye","2026-09-24 12:20:45",1071.16072,2,praiseadeyeye
41,16898606,"Tobi Adeniran","2026-09-21 20:38:07",1071.17890,30,tobiadeniran
42,16856898,"Opeyemi Alegbeleye","2026-09-24 10:05:00",1071.20622,41,opeyemialegbeleye111
43,16896402,omooluwa001,"2026-09-20 03:31:57",1071.24150,8,omooluwa001
44,16865025,"Edidiong Moses","2026-09-24 06:15:21",1071.25977,5,edimosphy
45,16859801,"James Gbakon","2026-09-14 23:17:20",1071.39336,5,jamesgbakon88
46,16948871,"ariyo tolulope","2026-09-23 23:38:18",1071.41538,4,ariyotolulope
47,16949020,"Alexander Iorshase","2026-09-23 17:44:37",1071.46523,3,alexanderiorshase
48,16935808,"Iyke Uzoma","2026-09-22 00:55:37",1071.47881,4,iykeuzoma
49,16860149,"Toluwalope Ilori","2026-09-24 10:59:08",1071.48933,4,toluwalopeilori
50,16925050,"Mikael Adeniran","2026-09-24 09:49:52",1071.77450,1,shegoworld
51,16861287,"Anthony Erinfolami","2026-09-10 09:11:20",1071.79188,1,anthonyerinfolami
52,16919042,"Mayowa Titilola","2026-09-21 17:57:02",1071.80857,17,mayowatitilola
53,16941522,"Gideon Markson","2026-09-23 06:49:58",1071.82302,20,gideonmarkson
54,16859056,"Adewole Paul","2026-09-21 21:40:50",1071.88084,9,adewolepaul
55,16858550,"Michael Jinadu","2026-09-20 00:06:58",1072.09274,3,michaeljinadu
56,16899039,David,"2026-09-24 10:33:14",1072.15993,17,scidave
57,16870746,"Suberu Abisoye","2026-09-22 00:23:52",1072.56268,6,suberuabisoye
58,16894468,"ODUSANWO AANUOLUWAPO SAMUEL","2026-09-23 15:51:37",1072.57291,14,odusanwoaanuoluwapo
59,16858202,Kewulere,"2026-09-22 15:06:26",1072.63044,4,kewulere
60,16896495,"Akinsanya Daniel","2026-09-18 14:21:37",1072.63076,3,akinsanyadaniel
61,16939298,"James Kingsley001","2026-09-22 15:43:38",1072.85159,7,jameskingsley001
62,16936977,"Miracle Falade","2026-09-23 15:09:52",1072.89961,14,miraclefalade
63,16947219,"Samson Matthew","2026-09-24 09:48:32",1072.91446,7,samsonmatthew
64,16862314,"hussaini ahmed","2026-09-14 08:20:49",1072.94627,2,hussainiahmed
65,16878398,"Abayomi Abiodun","2026-09-23 22:23:33",1072.98859,9,abiodunabayomi
66,16865824,"SODIPE IYANUOLUWA ","2026-09-23 16:15:59",1073.00009,5,sodipeiyanuoluwa
67,16940904,"Olumide Ayobami Ogundeji","2026-09-24 12:07:57",1073.17043,11,ardor090
68,16858673,"aspita sunday","2026-09-22 11:02:38",1073.18868,5,abrahamsunday123
69,16876788,"Arowolo Olawale ","2026-09-22 13:02:51",1073.27498,23,arowoloant
70,16929601,"Abdulkhalid Ibrahim","2026-09-21 05:21:02",1073.30786,6,abdulkhalidibrahim
71,16893718,"Adedayo Adeyemi","2026-09-23 05:02:01",1073.35000,2,adedayopy
72,16929673,Stan_Leigh,"2026-09-22 17:54:34",1073.40898,3,stanleigh
73,16939345,"Hope Ikuesan","2026-09-23 05:23:04",1073.58095,3,hopeikuesan
74,16872282,"OGBU CHIEDOZIE ANTHONY ","2026-09-16 10:55:51",1073.64175,7,ogbuchiedozieanthony
75,16913377,"Ebube Ozue","2026-09-19 08:22:16",1073.74473,4,ebubeozue
76,16940268,"Abdulroqeeb O.","2026-09-23 05:52:06",1074.01718,3,abdulroqeebo
77,16888344,"Adoku Emmanuel Odevivi","2026-09-24 02:33:24",1074.09563,6,eagle252
78,16941789,"Aluor Miriam ","2026-09-22 12:59:12",1074.10791,2,aluormiriam
79,16931255,"Philip Wasem","2026-09-23 17:47:04",1074.10791,2,philipwasem
80,16941878,"Paul Suurshater Aungwa","2026-09-22 13:16:04",1074.16512,1,paulsuurshateraungwa
81,16866081,"Fatima Musa","2026-09-10 12:47:14",1074.19155,2,fatimamusahhh
82,16887465,"Daniel iorbee","2026-09-17 07:48:38",1074.22572,5,danieliorbee
83,16907839,ADEBAYO_OLUWAKAYODEE,"2026-09-24 05:06:10",1074.29374,2,adebayooluwakayodee
84,16927381,"Precious Odutola","2026-09-22 20:20:48",1074.36712,5,preciousodutola
85,16948857,"Tongovkaa Jessica","2026-09-23 16:58:40",1074.43124,3,tongovkaajessica
86,16944025,"Victor israel","2026-09-24 11:38:01",1074.59575,1,victorisrae1
87,16890017,"Lekan Adeniyi","2026-09-24 09:20:51",1074.61296,8,lekanadeniyi
88,16862281,"Olusegun Taiwo","2026-09-16 11:54:15",1074.62171,16,oluseguntaiwo2
89,16899014,fachiny17,"2026-09-23 19:05:22",1074.93911,10,favourchisomiheanyi
90,16917306,"omotayo emmanuel","2026-09-23 14:56:57",1074.98897,6,omotayoemmanuel
91,16866835,"Wisdom Ogebe","2026-09-12 23:22:33",1075.04621,5,wisdomogebe
92,16948172,"Peter Olawole","2026-09-23 18:23:21",1075.12710,5,tradesbyola
93,16891546,"John Confidence bello","2026-09-21 13:59:29",1075.62053,4,johnconfidencebello
94,16943342,Calvinnova,"2026-09-23 15:55:22",1075.77738,1,calvinnova
95,16860280,"Mariam Yusuff","2026-09-22 11:52:46",1075.80429,10,mariamyusuff
96,16941206,"Faisal Adam M","2026-09-22 15:54:41",1075.86556,5,faisaladamm
97,16862363,Fowo,"2026-09-21 14:56:53",1076.26479,9,secondfo
98,16877881,"Nnaluo Collins","2026-09-23 03:01:01",1076.34581,4,nnaluocollins
99,16916868,Duke,"2026-09-21 10:46:07",1076.91338,20,dukeogh
100,16936265,"Olanudun Oluwapelumi","2026-09-23 11:07:59",1077.50935,2,olanudunoluwapelumi
101,16881582,"nofisat musa","2026-09-21 13:36:14",1077.76513,1,nofisatmusa
102,16920252,"Daniel Oluwanifesimi","2026-09-22 09:17:06",1077.79374,6,danieloluwani10
103,16893582,"Fulfilment John","2026-09-16 01:10:38",1078.03583,4,fulfilmentjohn
104,16875459,"Ogunmakinju Thomas","2026-09-24 05:22:43",1078.36320,12,ogunmakinjuthomas
105,16858833,"Chigozie Odoemena","2026-09-10 19:01:25",1078.47961,2,chigozieodoemena
106,16857120,"Abidemi Avoseh","2026-09-21 15:44:11",1078.66212,1,abidemiavoseh
107,16856986,"Innocent Njoku ","2026-09-15 17:11:20",1078.73628,1,innocentnjoku
108,16862354,"oyedokun samuel","2026-09-21 14:35:27",1078.75972,25,oyedokunsamuel
109,16858799,"Babatunde Akinbo","2026-09-24 12:05:36",1078.82616,3,babatundeakinbo
110,16859769,"ABUBAKAR MUKTAR AHMAD","2026-09-22 19:04:38",1079.05539,14,abubakarmuktarahmad
111,16942209,"OGBOI FAVOUR","2026-09-22 21:08:57",1079.56867,1,ogboifavour
112,16863022,"Abdulrahman Iyanda","2026-09-23 22:57:55",1079.97973,32,abdulrahmaniyanda
113,16861778,"Oreoluwa Oluwasina","2026-09-21 16:05:43",1080.10743,1,oreoluwaoluwasina
114,16916770,"ROQEEB AKANBI","2026-09-23 13:00:38",1080.32215,5,roqeebakanbi
115,16922801,"Jude Onuh","2026-09-19 00:22:23",1080.38798,1,judeonuh
116,16928294,"Yusuf Sanni","2026-09-23 23:20:33",1080.52689,4,yusufsanni5
117,16875940,"Olaoluwa Omotosho","2026-09-24 09:46:15",1080.54214,6,olaoluwaomotosho
118,16882813,"Daniel Ideh","2026-09-16 11:39:31",1080.54530,1,danielideh
119,16859099,"Hissa Olayiwola","2026-09-19 19:57:23",1082.28964,5,hissaolayiwola
120,16946779,"GREAT TECH","2026-09-23 10:59:00",1082.74729,3,greattech
121,16896591,"Progression Tech Team","2026-09-22 17:53:16",1083.48515,2,kumanweeburabari
122,16876619,"Anteyi Joy","2026-09-11 17:35:57",1083.72185,1,anteyijoy
123,16863004,"Judah Olatunji","2026-09-24 12:03:27",1084.00393,1,judaholatunji
124,16946796,"Daniel Dalacan","2026-09-24 00:50:49",1086.72264,3,danieldalacan
125,16883313,JYD,"2026-09-24 00:09:51",1087.25937,2,dolajyd
126,16894002,"Moshood Abdulganiy","2026-09-23 23:35:16",1088.05982,2,moshoodabdulganiyu
127,16945160,"DAVID OGBOLU","2026-09-23 06:57:04",1088.31306,1,davidogbolu
128,16926789,Ayomide2510,"2026-09-22 11:53:45",1090.51153,1,ayomide2510
129,16875955,"Adewumi Adenike Deborah","2026-09-23 09:03:54",1091.01806,3,adewumiadenike
130,16947577,"Joshua Oduntan","2026-09-23 16:11:38",1093.47918,4,joshuaoduntan
131,16867911,"saratu Banau salihu","2026-09-23 10:12:01",1096.08576,8,saratusalihu
132,16866666,"Abioye Kamil","2026-09-14 15:56:20",1098.99995,1,abioyekamil
133,16893008,"Hannat Biodun-Ogundipe","2026-09-15 18:59:41",1101.99646,3,hannat24
134,16857046,"Ajiboye Toluwalase","2026-09-23 04:42:46",1102.36551,17,ajiboyetoluwalase
135,16926056,Aniude_tech,"2026-09-21 02:54:08",1103.64905,1,aniudepaul
136,16863228,"Faiza Aminu","2026-09-20 18:25:59",1106.51051,3,alfaeez
137,16870067,"Toyeeb Adekunle Abd'Azeez","2026-09-19 07:52:16",1107.51753,1,sirphoton
138,16889695,BismarckIB,"2026-09-14 06:38:26",1107.57215,1,bismarckib
139,16859716,"Mariam Ajoke","2026-09-22 07:52:52",1107.60466,1,mariamajoke
140,16941867,"Adigun Samuel","2026-09-23 07:16:05",1110.96058,6,adigunsamuel
141,16888077,"Adeoti Dennis ","2026-09-14 21:01:14",1112.05695,1,adeotidennis
142,16950202,"Sanni Godwin","2026-09-24 01:03:16",1112.66239,1,sannigodwin
143,16881659,"Sodiq Jinad","2026-09-23 21:49:31",1112.83697,5,otolorin
144,16918109,"Joseph Ogunronbi","2026-09-20 16:58:09",1114.89606,1,josephademola
145,16898884,"Oladele Gideon","2026-09-24 10:57:15",1115.23324,4,oladelegideon
146,16943649,PeterPatrick-dev,"2026-09-23 12:13:19",1116.46232,1,krisbarz
147,16937408,"Victoria Abosede","2026-09-21 18:02:25",1117.12082,4,victoriaabosede
148,16862626,OfemiMike,"2026-09-20 19:13:45",1119.54370,1,ofemimike
149,16875711,"Enoch Oyelere","2026-09-20 22:26:23",1120.63555,1,enny04
150,16913193,"Martins Adedoyin","2026-09-24 10:14:27",1123.00971,4,martcruz17
151,16906507,"IBRAHIM ALHAJI ABDULLAHI","2026-09-23 10:17:11",1125.18135,1,ibrahim2312
152,16905997,"ikuobolati abiodun","2026-09-19 06:03:41",1126.14366,3,ikuobolatiabiodun
153,16865489,Qoyyumo,"2026-09-11 19:09:44",1127.09681,2,qoyyumo
154,16947163,"Tobechukwu Chris-Odeh","2026-09-24 09:34:02",1128.72062,1,tobechukwuchrisodeh
155,16891048,"Silas, Gideon Monday","2026-09-23 12:24:56",1130.33419,1,gideonsilasgideonson
156,16883027,"Solomon kure","2026-09-24 08:06:37",1130.61359,2,solomonkure
157,16936006,"Oladipo Divine Olajumobi","2026-09-22 13:01:21",1131.08840,2,jumlad
158,16880020,"Oluwafemi Addo","2026-09-20 22:19:54",1133.95026,2,oluwafemiaddo
159,16886334,Chinazo,"2026-09-23 09:34:00",1158.14207,1,lolochinazo
160,16877678,"Daniel Odeh","2026-09-19 18:57:06",1159.48962,1,daniel0628odeh
161,16920540,"Igwe Clara","2026-09-23 15:23:38",1163.96925,5,igweclara
162,16899304,"Joel Jonathan","2026-09-16 02:03:41",1170.72635,2,joeljonathan
163,16861284,"UMAR ABUBAKAR","2026-09-20 10:38:36",1220.78428,2,"ummarug2018,ummarujeh"
164,16928471,"Quadri Fadairo","2026-09-20 08:50:49",1240.40250,1,quadrifadairo
165,16871984,"Abdulbasit Ohiare","2026-09-18 20:34:14",1247.47093,1,abdulbasitohiare
166,16866399,chigbuce,"2026-09-24 07:41:40",1255.51323,2,christianchigbu
167,16808247,"Tejumola Asanloko","2026-09-02 09:20:11",1696.01212,1,asanlokotejumola
168,16876155,"Chiamaka EGBULEFU","2026-09-11 23:22:23",2199.20557,1,chiamakaegbulefu
169,16923069,"Oyelowo Boluwatife","2026-09-24 09:47:16",2768.40262,2,oyelowoboluwatife
170,16860800,"Abdulrahman Musa Inuwa","2026-09-21 09:06:42",2779.31987,2,abdulrahmanmusainuwa
171,16936140,AQELIX,"2026-09-24 08:14:38",3212.96856,4,aqelix
